algo_tag,algo,FND,HND,LND,func_life_pdr85,drop_p,total_p,pdr,drop_rate,timely_transfer_rate,energy_rate,energy_per_delivered,throughput_bits_per_round,avg_ch_per_round,avg_cluster_size,avg_hops_to_bs,malicious_delay,malicious_drop,blacklisted_malicious,blacklisted_normal,false_blacklist_events,control_overhead_bits,rounds_run,seed,ratio
SHEER,SHEER,1269,1282,6857,1284,6681,83186,0.9196860048565865,0.08031399514341353,0.9762629893471015,0.948184251740932,0.0006531349525984817,44628.846434300714,2.131252734431967,2.7638468162531153,1.0,1843,3730,8,0,0,36143200,6857,42,0.1
ACTAR,ACTAR,764,900,4157,1064,7050,81352,0.9133395614121349,0.0866604385878651,0.9676455546284084,0.9394495383970014,0.0006725234268988949,71495.79023334135,2.641568438777965,3.6573372214880546,1.659093967860892,1054,5458,4,0,0,34373000,4157,42,0.1
TFSM_DPC,TFSM_DPC,649,1054,5519,1062,6694,76345,0.9123190778701945,0.0876809221298055,0.9696199623838854,0.9429259974960615,0.0007171698664725136,50480.884218155465,2.3745243703569487,3.0720320542157924,1.8306987695797619,1304,4697,6,0,0,33135200,5519,42,0.1
DST_WOA,DST_WOA,666,1293,5972,1896,7365,83847,0.9121614369029304,0.08783856309706961,0.9768834497005832,0.9508477445481993,0.0006533464803783294,51227.05961152043,1.945914266577361,4.758260772493862,1.2549488768599149,1036,3851,9,0,0,35864400,5972,42,0.1
TRAIL,TRAIL,716,931,10134,1195,3930,76837,0.9488527662454286,0.05114723375457142,0.9950073381156816,0.9840129098212717,0.0006853385625562352,28777.18571146635,1.9552989934872707,1.9295563708005632,1.2556818961142278,2688,767,10,0,0,34614000,10134,42,0.1
SHEER,SHEER,1306,1317,7312,1322,6177,83096,0.9256642919033408,0.07433570809665924,0.9730105695601867,0.9520649672802065,0.0006496452979535221,42078.227571115975,2.0903993435448576,2.637953103834532,1.0,1992,3600,8,0,0,35973600,7312,43,0.1
ACTAR,ACTAR,817,936,5087,1005,6382,81920,0.9220947265625,0.07790527343749998,0.9681352431888586,0.9496131039886154,0.0006615434566298055,59396.894043640656,2.346569687438569,3.179788590502174,1.6406312054859806,1308,4967,6,0,0,35026600,5087,43,0.1
TFSM_DPC,TFSM_DPC,621,1077,6162,1430,5861,75971,0.9228521409485199,0.07714785905148014,0.981029810298103,0.9535544564108932,0.0007127148870205054,45511.1976630964,2.2392080493346316,2.9851024040926086,1.8219084296106118,1421,3979,8,0,0,32780800,6162,43,0.1
DST_WOA,DST_WOA,732,1404,6189,1413,6666,83891,0.9205397480063415,0.07946025199365847,0.9770022661055358,0.9578248719950009,0.0006471142895769274,49911.13265470997,1.939893359185652,4.616082296547634,1.2245775331822597,1109,3285,10,0,0,35775000,6189,43,0.1
TRAIL,TRAIL,555,951,11417,1269,3256,76354,0.9573565235613065,0.042643476438693484,0.996785137760267,0.9899994481143468,0.000683603146551718,25610.230358237717,1.8738722956993956,1.7670979129622564,1.2524145667460123,2951,376,10,0,0,34512800,11417,43,0.1
SHEER,SHEER,1264,1275,6686,1277,6634,83371,0.9204279665591153,0.0795720334408847,0.9775075908622959,0.9439375743577554,0.0006511883708618435,45909.06371522584,2.153305414298534,2.8104245901172313,1.0,1767,4178,6,0,0,35475400,6686,44,0.1
ACTAR,ACTAR,783,955,3582,985,6450,80557,0.9199324701763968,0.08006752982360321,0.9669127073016044,0.9448008544223404,0.0006743782868860131,82754.88553880513,2.9092685650474595,3.878661918297598,1.6617458539679113,869,5133,5,0,0,34212200,3582,44,0.1
TFSM_DPC,TFSM_DPC,596,1044,4710,1125,6180,75180,0.9177972865123704,0.08220271348762964,0.9749420289855072,0.9498300433771479,0.0007194529143699599,58598.72611464968,2.5685774946921445,3.5730698950052244,1.8339855072463769,1003,4225,10,0,0,32222800,4710,44,0.1
DST_WOA,DST_WOA,699,1328,5558,1718,6903,83517,0.9173461690434283,0.08265383095657175,0.9750828830239904,0.9529191857335402,0.0006514839865519427,55137.81935948183,1.9926232457718605,5.021968333933071,1.2364841934894406,779,3743,8,0,0,35471200,5558,44,0.1
TRAIL,TRAIL,451,933,9226,1233,3674,76219,0.9517967960744697,0.04820320392553035,0.9949686401543869,0.9851396660862879,0.0006887786926248462,31452.417082159114,2.046173856492521,2.001766761261986,1.2536081053139432,2399,690,10,0,0,33524800,9226,44,0.1
SHEER,SHEER,1271,1282,10908,1287,5544,82290,0.9326285089318265,0.06737149106817353,0.9793735178380633,0.9588055468802125,0.0006512036194737629,28143.014301430143,1.699028236156949,2.1115144847818113,1.0,2958,2896,9,0,0,36593600,10908,45,0.1
ACTAR,ACTAR,788,912,9245,1513,5743,80631,0.9287742927658097,0.0712257072341903,0.9760041662215575,0.9568526280862337,0.0006673598275002534,32401.51433207139,1.7008112493239589,2.2239436199279368,1.6491694263433394,2545,4139,7,0,0,35056000,9245,45,0.1
TFSM_DPC,TFSM_DPC,564,1022,6458,1044,6899,74878,0.9078634578915035,0.09213654210849653,0.9681960605481105,0.9379814177415934,0.0007254248836224517,42105.29575720037,2.1872096624341903,2.7753633947220786,1.8628399947042469,1581,5371,8,0,0,32527000,6458,45,0.1
DST_WOA,DST_WOA,658,1270,10333,1828,5708,82591,0.9308883534525554,0.06911164654744462,0.9853023425204531,0.968876775202396,0.0006500373463808819,29762.12135875351,1.5362431046162779,3.179521920061939,1.2668860476308157,2297,2294,10,0,0,36024200,10333,45,0.1
TRAIL,TRAIL,781,942,13900,1102,3198,75832,0.957827829939867,0.04217217006013296,0.9967646006002698,0.9889504527247079,0.000688049878842867,20901.87050359712,1.7066906474820145,1.5692052258933664,1.274774898807721,3956,415,10,0,0,34790600,13900,45,0.1
SHEER,SHEER,1266,1277,3212,611,8162,84040,0.9028795811518324,0.09712041884816758,0.9618071114156936,0.9293105925115039,0.0006586558825494369,94493.1506849315,3.547011207970112,4.574763164917275,1.0,776,5447,5,0,0,35748400,3212,46,0.1
ACTAR,ACTAR,821,920,4194,3389,7221,80270,0.9100411112495328,0.0899588887504672,0.9655710550452437,0.9353528866945332,0.00068410733867605,69670.00476871722,2.6301859799713876,3.492190571840067,1.6500294322988678,960,6077,5,0,0,33925800,4194,46,0.1
TFSM_DPC,TFSM_DPC,552,998,4926,1004,6558,74472,0.911940058008379,0.08805994199162104,0.9686368053714992,0.9409838609778621,0.0007349602496035311,55147.38124238733,2.5125862768980918,3.2647116047067684,1.860308625614748,1042,4768,8,0,0,32031600,4926,46,0.1
DST_WOA,DST_WOA,660,1238,6813,1074,6961,82197,0.9153132109444384,0.0846867890555616,0.9805678132808762,0.9520408367313823,0.0006641980964893637,44172.02407162777,1.8005284015852048,4.171975145555069,1.2483917273645595,1109,3964,7,0,0,35038200,6813,46,0.1
TRAIL,TRAIL,592,914,8414,1261,4338,76019,0.9429353188018785,0.05706468119812147,0.9926061299368033,0.9791758293170125,0.0006971958464724041,34077.014499643454,2.136082719277395,2.17953581085121,1.3175876452616453,2114,1132,10,0,0,33643200,8414,46,0.1
SHEER,SHEER,1339,1347,3193,1351,7084,82748,0.9143906801372843,0.0856093198627157,0.9719946077394798,0.9385583684359725,0.0006605090252540195,94787.34732226747,3.751331036642656,4.502345905477759,1.0,703,4590,8,0,0,35357400,3193,47,0.1
ACTAR,ACTAR,821,929,3428,1462,6403,81796,0.9217198885031053,0.07828011149689473,0.9743212234557584,0.949081370646447,0.0006628155738630613,87973.16219369895,2.968786464410735,4.421395474582465,1.6325918851882801,805,4588,8,0,0,34579400,3428,47,0.1
TFSM_DPC,TFSM_DPC,606,1092,3087,3087,6296,74848,0.9158828559213339,0.0841171440786661,0.9697747695180301,0.9411323545425431,0.0007252992685989384,88826.69258179462,3.6579203109815355,4.405304232624446,1.8354679659236783,611,5119,7,0,0,31943800,3087,47,0.1
DST_WOA,DST_WOA,647,1554,5622,2177,5932,82791,0.9283496998466017,0.07165030015339835,0.9857661431972833,0.962374962236937,0.0006502258647547557,54684.453930985415,2.0588758448950553,4.938553895410884,1.242938367660261,881,2803,9,0,0,35260400,5622,47,0.1
TRAIL,TRAIL,763,965,7528,1562,3206,76177,0.957913806004437,0.042086193995563015,0.9972043688588618,0.9882127107563,0.000684711052562051,38773.113708820405,2.341392136025505,2.146601814912392,1.27646599333982,1850,460,10,0,0,33793000,7528,47,0.1
SHEER,SHEER,1268,1283,8240,1288,5506,81934,0.9327995703859204,0.06720042961407957,0.9834746428010677,0.9586744574558017,0.0006537642921688197,37100.970873786406,1.9317961165048543,2.4849755836800753,1.0,2209,2914,10,0,0,35776600,8240,48,0.1
ACTAR,ACTAR,792,917,4342,1144,7191,80495,0.9106652587117212,0.08933474128827879,0.9635354141656662,0.9353643004776534,0.0006818007729634942,67530.17042837403,2.6250575771533855,3.3857190381142432,1.6670850158245116,1086,6129,5,0,0,34401200,4342,48,0.1
TFSM_DPC,TFSM_DPC,622,1036,7233,1491,5678,74374,0.9236561163847581,0.07634388361524191,0.9762140444858507,0.9522692508757601,0.0007246174203761139,37990.322134660586,2.0612470620765935,2.527320348263655,1.828054035169442,1743,4287,9,0,0,32565000,7233,48,0.1
DST_WOA,DST_WOA,649,1355,7164,1916,6510,82607,0.9211931192271842,0.07880688077281583,0.9794735666320618,0.9567989786980724,0.0006553734470775188,42488.55388051368,1.7825237297599106,4.150267541410755,1.2587618434366663,1194,3292,9,0,0,35379400,7164,48,0.1
TRAIL,TRAIL,808,967,10788,1055,3408,76373,0.9553769002134263,0.04462309978657375,0.9969848557527582,0.9867496676934342,0.0006849174753465239,27054.134223210975,1.914627363737486,1.7713613312514063,1.2620023298841911,2842,542,10,0,0,34411200,10788,48,0.1
SHEER,SHEER,1255,1267,4126,1271,6460,82819,0.9219985752061725,0.07800142479382755,0.972995979517804,0.9474252316725051,0.0006543873599410494,74027.14493456132,2.922200678623364,3.8359681924151117,1.0,1002,3901,8,0,0,35456800,4126,49,0.1
ACTAR,ACTAR,792,945,3513,1119,6171,80919,0.923738553368183,0.076261446631817,0.9728554610156793,0.9483440121943195,0.0006685919296294077,85110.16225448335,2.946484486194136,4.037824146470608,1.6556830951998716,859,4933,5,0,0,34347600,3513,49,0.1
TFSM_DPC,TFSM_DPC,651,1085,3937,1367,5658,75101,0.9246614559060465,0.07533854409395346,0.9757498955978284,0.9544222580987607,0.0007156202270794764,70554.22910845821,2.938277876555753,3.86719711993827,1.8262891868150857,858,3803,9,0,0,32359400,3937,49,0.1
DST_WOA,DST_WOA,672,1454,5897,1982,6051,82801,0.9269211724496081,0.07307882755039186,0.9837524429967427,0.9616321721348903,0.0006510578848296501,52060.36967949805,1.9496354078344922,4.686507263580351,1.2496677524429967,888,2983,9,0,0,35393400,5897,49,0.1
TRAIL,TRAIL,581,958,6020,1227,3947,77156,0.948843900668775,0.051156099331225,0.9926238577224111,0.9822108629476407,0.0006825068156279108,48643.85382059801,2.6318936877076413,2.5699567833826955,1.262740919832261,1478,910,10,0,0,34048000,6020,49,0.1
SHEER,SHEER,1310,1322,4818,1323,7349,82330,0.9107372768128265,0.08926272318717354,0.970072418345981,0.9347613823967356,0.0006665466488475399,62250.726442507264,2.651307596513076,3.48898179446125,1.0,1226,4862,6,0,0,35021600,4818,50,0.1
ACTAR,ACTAR,787,936,2382,1020,7332,81568,0.9101118085523735,0.0898881914476265,0.9698394310038256,0.937493845041556,0.0006731473471709363,124661.62888329136,3.838371116708648,5.862369072759501,1.6493884368769869,521,5230,6,0,0,34314800,2382,50,0.1
TFSM_DPC,TFSM_DPC,560,1046,2732,1433,6488,74549,0.912969992890582,0.087030007109418,0.9761243590308694,0.9394721106004501,0.0007315298964292747,99650.07320644216,3.8502928257686677,4.852152231064475,1.8384243546230588,573,4647,5,0,0,31894800,2732,50,0.1
DST_WOA,DST_WOA,690,1372,4170,1994,7584,83260,0.9089118424213307,0.09108815757866928,0.9702415561076166,0.9445929115962942,0.0006574492343261483,72590.88729016787,2.3657074340527577,6.456099120703434,1.2335879274803108,511,4203,7,0,0,35154200,4170,50,0.1
TRAIL,TRAIL,693,948,8147,1193,4150,76696,0.9458902680713466,0.054109731928653426,0.992997546384363,0.9797643990323174,0.0006888295575246733,35618.50988093777,2.190376825825457,2.206542678895909,1.2422462989000083,2073,1058,10,0,0,33887200,8147,50,0.1
SHEER,SHEER,1340,1354,7901,1356,5791,80398,0.9279708450458967,0.07202915495410334,0.9786213089924538,0.9536712282927219,0.0006697892752968278,37770.91507404126,2.0294899379825337,2.4684069527064048,1.0,2248,3180,8,0,0,35366400,7901,51,0.1
ACTAR,ACTAR,800,875,7667,1018,5146,78716,0.9346257431780071,0.06537425682199294,0.9821802365094467,0.9624422726251202,0.0006792222134629904,38382.679013955916,1.832789878700926,2.520552988379389,1.6499932037515292,2098,3245,8,0,0,34040600,7667,51,0.1
TFSM_DPC,TFSM_DPC,550,1071,7180,1295,5541,71611,0.9226236192763682,0.07737638072363184,0.9806417436052671,0.9538855741927731,0.000745259075587816,36807.79944289693,2.0178272980501393,2.7296028529400593,1.8116845769638263,1827,3278,9,0,0,31188200,7180,51,0.1
DST_WOA,DST_WOA,642,1325,7674,1911,6304,80754,0.9219357555043713,0.07806424449562865,0.9830087306917394,0.9623192118339722,0.0006712573452999669,38806.359134740684,1.7286942924159499,4.052797324298495,1.2379583613163196,1435,2666,9,0,0,34708000,7674,51,0.1
TRAIL,TRAIL,408,944,13401,1161,2944,72136,0.9591882000665409,0.04081179993345907,0.9980778124638686,0.9911366903571526,0.000722182864482216,20652.787105439893,1.7089769420192522,1.631284689597897,1.3391432535553243,3672,234,10,0,0,32975200,13401,51,0.1
SHEER,SHEER,1292,1303,8647,300,15223,86158,0.8233129831240279,0.1766870168759721,0.9345175160358075,0.8761351831828701,0.0007044795781709441,32813.69261015381,1.8814617786515555,2.694005077455986,1.0,2554,9637,14,0,0,37727600,8647,42,0.2
ACTAR,ACTAR,785,930,5733,300,14879,84142,0.8231679779420503,0.17683202205794968,0.925313659529619,0.871383228054992,0.000721478709427944,48325.83289726147,2.1732077446363163,3.2136174797739434,1.6394900596277955,1731,11928,11,0,0,36156200,5733,42,0.2
TFSM_DPC,TFSM_DPC,682,1111,5069,300,14408,79729,0.8192878375496996,0.18071216245030042,0.9354725126682077,0.8791149886713822,0.0007574812851280618,51545.47247977905,2.4434799763266914,4.036961235849393,1.8112398769155402,1352,11081,16,0,0,34385000,5069,42,0.2
DST_WOA,DST_WOA,714,1449,7087,882,14830,87906,0.831297067321912,0.168702932678088,0.951981498713668,0.9009155167226868,0.000683867197426714,41245.096655848734,1.7709891350359814,4.702069516955927,1.2383272209754228,1544,8050,14,0,0,37698400,7087,42,0.2
TRAIL,TRAIL,464,931,10388,938,12359,83142,0.8513507012099781,0.14864929879002187,0.9679018973482333,0.9268219858641529,0.0007059976673465288,27255.679630342704,1.807277628032345,2.79731840873904,1.2197279007671333,2754,4938,20,0,0,37030400,10388,42,0.2
SHEER,SHEER,1330,1344,8904,337,13814,85310,0.8380729105614817,0.1619270894385183,0.935982432583641,0.8879018025281918,0.0006989922442355804,32118.598382749326,1.8732030548068284,2.618488613999057,1.0,2689,8670,16,0,0,37183600,8904,43,0.2
ACTAR,ACTAR,846,947,5612,300,14357,84737,0.8305698809256877,0.16943011907431227,0.9354219948849105,0.8822233615380628,0.0007101391380685361,50163.934426229505,2.197255880256593,3.431099104526582,1.6395424836601307,1618,11119,10,0,0,36185600,5612,43,0.2
TFSM_DPC,TFSM_DPC,664,1098,8582,300,12485,77708,0.8393344314613682,0.1606655685386318,0.9519188016497248,0.8949970005542099,0.0007598797762846791,30399.906781635982,1.8615707294336985,2.6407421146074705,1.8182849608267022,2390,9035,13,0,0,34303000,8582,43,0.2
DST_WOA,DST_WOA,739,1405,8250,1088,13279,86144,0.8458511329866271,0.15414886701337294,0.9562890276538805,0.9174949290419755,0.0006835790491263638,35328.48484848485,1.6753939393939394,4.1173333333333355,1.2278185685857408,1869,6544,18,0,0,37139800,8250,43,0.2
TRAIL,TRAIL,497,968,11935,1100,10652,81215,0.8688419626916211,0.13115803730837894,0.9735272026416111,0.943274512638626,0.0007082393881095783,23649.099287808964,1.7117720988688732,2.4282091152055303,1.2192367104573218,3214,3789,20,0,0,36596600,11935,43,0.2
SHEER,SHEER,1290,1302,8269,388,14311,85677,0.8329656734012629,0.16703432659873707,0.9420031947986436,0.8827340867196768,0.0007001918209696137,34522.191316966986,1.9131696698512517,2.7688440474750773,1.0,2415,8987,17,0,0,37414600,8269,44,0.2
ACTAR,ACTAR,798,956,7970,301,12878,82408,0.8437287641976507,0.15627123580234925,0.9437365166115346,0.8938639998526834,0.0007187797356255081,34895.85947302384,1.8176913425345045,2.5106895401406066,1.6575003595570257,2307,10090,12,0,0,35477800,7970,44,0.2
TFSM_DPC,TFSM_DPC,650,1087,6681,300,13620,79252,0.8281431383435118,0.17185686165648817,0.943503169185763,0.8875677456311659,0.0007615019750153461,39294.71635982637,2.0820236491543183,3.3005325155333303,1.8049731838127743,1818,9963,19,0,0,34471600,6681,44,0.2
DST_WOA,DST_WOA,697,1349,7763,933,13746,86824,0.8416797198931171,0.15832028010688293,0.954185938312488,0.9092125085688597,0.0006838953188098878,37654.51500708489,1.6815664047404355,4.348443471166644,1.2309450176523715,1711,7235,16,0,0,37357000,7763,44,0.2
TRAIL,TRAIL,523,931,11026,1046,11209,81912,0.8631580232444575,0.13684197675554255,0.971359065386193,0.9377787978916873,0.0007068008084970728,25649.55559586432,1.7604752403410122,2.5898204601710426,1.233427153020381,2905,4047,20,0,0,36666800,11026,44,0.2
SHEER,SHEER,1276,1287,11631,300,13846,84544,0.8362272899318698,0.1637727100681302,0.9396446858468415,0.886266760254206,0.0007069251954310904,24313.644570544235,1.6572091823574928,2.1862498004102333,1.0,3489,8760,12,0,0,37388000,11631,45,0.2
ACTAR,ACTAR,803,932,6626,300,14918,84204,0.8228350197140278,0.17716498028597216,0.9317611061397685,0.8716788593338237,0.0007213927775560158,41826.74313311198,2.006791427709025,2.9787952397067987,1.6633374707733164,2062,13812,12,0,0,36311400,6626,45,0.2
TFSM_DPC,TFSM_DPC,581,1107,9076,300,13268,79018,0.8320888911387279,0.16791110886127214,0.9486996197718631,0.8918860341361643,0.0007601231909543126,28977.52313794623,1.7765535478184222,2.721620011970706,1.8181749049429659,2525,9756,16,0,0,34247600,9076,45,0.2
DST_WOA,DST_WOA,735,1269,10143,1075,12887,86536,0.851079319589535,0.14892068041046502,0.9593069831226493,0.9231724992158753,0.0006772758064980133,29044.266982155183,1.5390909987183279,3.5423986986098774,1.2484894567475457,2465,6216,17,0,0,37335400,10143,45,0.2
TRAIL,TRAIL,694,924,12336,938,10899,80917,0.8653064251022653,0.1346935748977347,0.9709788911422776,0.9370027120619411,0.0007136850217462425,22703.631647211412,1.676961738002594,2.355646818976707,1.2392527635750807,3353,4166,20,0,0,36085200,12336,45,0.2
SHEER,SHEER,1270,1279,8120,466,15129,84989,0.8219887279530292,0.17801127204697076,0.9268537074148296,0.8674517345061965,0.0007153292367872151,34413.793103448275,1.9719211822660099,2.51154835209946,1.0,2426,10290,9,0,0,36678200,8120,46,0.2
ACTAR,ACTAR,831,935,8288,300,12753,81858,0.8442058198343473,0.15579418016565272,0.9341002821792924,0.890967974917315,0.0007232197494899361,33351.83397683398,1.7937982625482625,2.4001475646564936,1.6297662976629765,2550,9606,10,0,0,34898800,8288,46,0.2
TFSM_DPC,TFSM_DPC,583,1043,6799,1073,13457,77200,0.8256865284974093,0.1743134715025907,0.948810065418948,0.8921298713105883,0.0007600509364445159,37501.397264303574,1.9629357258420357,3.5690406505333874,1.7922595422242442,1754,8689,18,0,0,33025000,6799,46,0.2
DST_WOA,DST_WOA,647,1347,8277,858,14027,85785,0.8364865652503352,0.16351343474966484,0.9547228183617158,0.8973145665579133,0.0006963783323619295,34678.26507188595,1.645402923764649,3.9182151343079235,1.2549820229103374,1928,8136,16,0,0,36426400,8277,46,0.2
TRAIL,TRAIL,342,894,10115,1192,11033,80758,0.8633819559672107,0.13661804403278932,0.9686769451416278,0.9378421876578646,0.0007166083210259314,27572.911517548197,1.790608007909046,2.770257778190522,1.2925493008246682,2727,4174,20,0,0,35476000,10115,46,0.2
SHEER,SHEER,1362,1377,4524,535,13920,85083,0.8363950495398611,0.1636049504601389,0.9327600016862696,0.884684615487691,0.0007021906380697363,62920.424403183024,2.877763041556145,3.9206841290893037,1.0,1340,8868,15,0,0,36649000,4524,47,0.2
ACTAR,ACTAR,808,984,3099,300,14124,85393,0.8346000257632359,0.1653999742367641,0.9390057388205251,0.8870797889423601,0.0007010677866605325,91989.67408841562,3.1248789932236205,5.899027219598373,1.630947536797205,842,10912,15,0,0,36097200,3099,47,0.2
TFSM_DPC,TFSM_DPC,607,1149,3699,411,12400,78502,0.8420422409620137,0.15795775903798626,0.9406069407884784,0.8973554530737341,0.0007547830844266708,71480.9407948094,3.155447418221141,4.6340958360303794,1.8123354815285468,1053,9441,16,0,0,33756600,3699,47,0.2
DST_WOA,DST_WOA,628,1592,5874,1040,13543,85941,0.8424151452740833,0.15758485472591666,0.9556065084670847,0.9075893550272368,0.0006901878583999833,49300.64691862445,2.0580524344569286,4.9664283282260815,1.2431835133567226,1143,7416,15,0,0,36758600,5874,47,0.2
TRAIL,TRAIL,790,985,5674,1339,11725,82975,0.8586923772220548,0.14130762277794517,0.9695298245614035,0.9320965858049354,0.0007013360283021792,50229.11526260134,2.5701445188579486,4.238978204144648,1.2582035087719299,1268,4643,20,0,0,36118200,5674,47,0.2
SHEER,SHEER,1294,1313,8393,300,14236,85411,0.8333235765884957,0.16667642341150435,0.9386582367404285,0.8821242933630478,0.0007021310228212106,33921.12474681282,1.9111164065292505,2.748258327517831,1.0,2405,9061,15,0,0,37383800,8393,48,0.2
ACTAR,ACTAR,844,949,5601,357,13395,83075,0.8387601564851038,0.16123984351489618,0.9341848450057405,0.8854257609567175,0.0007172470078356454,49762.542403142295,2.221031958578825,3.0977526044746178,1.6720579793340988,1705,11368,11,0,0,35355400,5601,48,0.2
TFSM_DPC,TFSM_DPC,628,1101,7510,300,11811,77321,0.8472471902846574,0.15275280971534255,0.9450312929323768,0.9005945677080982,0.0007570987133485262,34892.143808255656,1.9996005326231692,2.7767197037795066,1.8103953594871012,2105,8841,15,0,0,33887800,7510,48,0.2
DST_WOA,DST_WOA,599,1503,7039,1022,13941,87039,0.8398304208458277,0.1601695791541723,0.9586445593586692,0.9066966518797375,0.0006836505899288766,41538.854950987356,1.8167353317232562,4.6523819671354865,1.2606911269802183,1464,7450,18,0,0,37342600,7039,48,0.2
TRAIL,TRAIL,827,951,12191,976,10012,81143,0.8766128932871597,0.12338710671284026,0.9727826123631047,0.9447031701465913,0.000702477311801794,23338.856533508326,1.7071610204249037,2.2853596145587707,1.2539961479523696,3346,3688,20,0,0,36635800,12191,48,0.2
SHEER,SHEER,1269,1281,8172,320,13221,85454,0.8452851826713788,0.15471481732862125,0.9406365511608268,0.8969840273273791,0.0006917869466427611,35356.338717572195,1.8921928536465982,2.8837869729389576,1.0,2424,7830,16,0,0,36777000,8172,49,0.2
ACTAR,ACTAR,851,958,5008,300,13390,83192,0.8390470237522839,0.1609529762477161,0.9341136357124438,0.8838091130413774,0.0007159086144462045,55752.39616613418,2.374800319488818,3.2392465777699426,1.655095842526002,1587,11324,9,0,0,35365400,5008,49,0.2
TFSM_DPC,TFSM_DPC,607,1091,6872,1065,12328,78936,0.8438228438228438,0.15617715617715622,0.9468232044198895,0.9023643058140003,0.0007485897660271992,38770.66356228172,2.0606810244470313,3.1198998057627247,1.8157428537112659,1932,8371,15,0,0,33772200,6872,49,0.2
DST_WOA,DST_WOA,724,1426,7240,854,13199,86395,0.8472249551478673,0.15277504485213267,0.956008525056014,0.9147262253973625,0.0006828060598301721,40439.77900552486,1.7802486187845303,4.365803406998164,1.2459833870703316,1694,6773,18,0,0,36638800,7240,49,0.2
TRAIL,TRAIL,506,964,10100,1115,10600,81366,0.8697244549320355,0.13027554506796446,0.9705932227340813,0.9395991237299304,0.0007061044471443437,28026.138613861385,1.833960396039604,2.6467443822487,1.2358618545629256,2690,4032,20,0,0,35867800,10100,49,0.2
SHEER,SHEER,1306,1318,9900,342,12654,83489,0.8484351231898813,0.15156487681011865,0.9424295898920025,0.8973785522336006,0.000705461199948554,28620.20202020202,1.7586868686868686,2.407287277537277,1.0,2885,7777,13,0,0,36560400,9900,50,0.2
ACTAR,ACTAR,812,937,4871,300,13658,83172,0.8357860818544702,0.16421391814552977,0.9345743303507207,0.8843853474842852,0.0007189307971295118,57083.9663313488,2.3724081297474853,3.533573179369732,1.6427769945622464,1479,10362,10,0,0,35583200,4871,50,0.2
TFSM_DPC,TFSM_DPC,621,1087,7724,1137,11819,77580,0.8476540345449858,0.15234596545501422,0.9512324934231535,0.9050710124691695,0.0007598940662359315,34055.411703780424,1.922449508026929,2.8698459399830556,1.799105853013184,2088,8048,15,0,0,34005600,7724,50,0.2
DST_WOA,DST_WOA,690,1473,7227,1044,13374,85573,0.8437123859161184,0.1562876140838816,0.9486973503788141,0.9097934499173627,0.0006920956313911645,39960.70291960703,1.7791614777916147,4.488058668880591,1.2615271679663154,1644,7215,16,0,0,36675800,7227,50,0.2
TRAIL,TRAIL,761,953,11182,1060,10547,80984,0.8697643979057592,0.1302356020942408,0.9718613796726152,0.9412502868964756,0.0007094697151781345,25196.565909497407,1.7664103022715079,2.515145275796585,1.235912943481409,2994,3985,20,0,0,36373400,11182,50,0.2
SHEER,SHEER,1312,1325,11025,300,13222,81980,0.8387167601854111,0.16128323981458892,0.9396142994269757,0.888294326291517,0.0007268850209529318,24946.213151927437,1.7154648526077096,2.1395350394125896,1.0,3359,8297,11,0,0,36225400,11025,51,0.2
ACTAR,ACTAR,802,884,9658,850,12824,81625,0.8428912710566616,0.15710872894333838,0.9461054345140332,0.8972509226071783,0.0007263703884643797,28494.926485814867,1.6386415406916546,2.542292261131566,1.6356012267263558,2838,9521,14,0,0,35553000,9658,51,0.2
TFSM_DPC,TFSM_DPC,509,1114,10529,311,11598,75081,0.8455268310224957,0.1544731689775043,0.9497975836050596,0.9018061532186793,0.0007865110784803764,24117.390065533287,1.6844904549339919,2.338041510056827,1.7695130979947387,2977,7654,15,0,0,33511800,10529,51,0.2
DST_WOA,DST_WOA,624,1388,9666,922,13420,83595,0.8394640827800706,0.16053591721992944,0.9516494478090488,0.9048022414134325,0.0007120202223870589,29039.93378853714,1.5631078005379682,3.7842644320297936,1.2272176701104383,2414,7476,18,0,0,36482200,9666,51,0.2
TRAIL,TRAIL,449,933,15011,1165,10007,76284,0.8688191494939961,0.13118085050600392,0.9720566712434178,0.9426086874259563,0.0007538383825049873,17660.91532875891,1.5454000399706882,2.0823081586725496,1.2871131765167403,4149,3641,20,0,0,35163600,15011,51,0.2
SHEER,SHEER,1312,1325,7268,300,23481,90264,0.7398630683328902,0.2601369316671098,0.8791458904212149,0.8106316130378214,0.0007482506037316751,36754.54045129334,2.029719317556412,3.3693288584008174,1.0,2340,15162,18,0,0,39033000,7268,42,0.3
ACTAR,ACTAR,812,928,6214,300,22671,89216,0.7458863880918221,0.25411361190817794,0.8907055376061311,0.8190144867644973,0.0007510323336527168,42835.53266816865,1.9724814934019954,4.177187201454981,1.6289127657975806,1935,16800,19,0,0,37925400,6214,42,0.3
TFSM_DPC,TFSM_DPC,692,1199,4640,300,21761,85270,0.7447988741644189,0.2552011258355811,0.8935583932985875,0.8265355878616648,0.0007852304968211176,54749.137931034486,2.5,5.589724567852422,1.736431057015541,1391,15637,25,0,0,36425800,4640,42,0.3
DST_WOA,DST_WOA,752,1585,6106,300,23228,92588,0.7491251566077678,0.2508748433922322,0.911260092272203,0.8402267295504581,0.0007205187702613987,45437.27481166066,1.898951850638716,5.788994431706522,1.227249134948097,1534,13446,24,0,0,39384600,6106,42,0.3
TRAIL,TRAIL,543,946,9683,918,20120,89305,0.7747046637926208,0.22529533620737918,0.9336416853364169,0.878856199750496,0.0007223571184959434,28579.98554167097,1.7246721057523495,3.9937584454532216,1.1589506395895064,2558,8853,30,0,0,39084000,9683,42,0.3
SHEER,SHEER,1351,1363,10750,304,21183,87805,0.7587495017368031,0.2412504982631969,0.891087028308967,0.8280814313803799,0.0007501401831593558,24789.581395348836,1.7044651162790698,2.500267663344409,1.0,3336,13423,20,0,0,38797000,10750,43,0.3
ACTAR,ACTAR,869,973,7349,300,21968,87548,0.7490747932562708,0.2509252067437292,0.8967978042086002,0.8183584518231106,0.0007620878836817292,35694.65233365084,1.8979452986800924,3.1170359314035316,1.6335925587069229,2371,17501,17,0,0,37571800,7349,43,0.3
TFSM_DPC,TFSM_DPC,672,1159,6570,300,20723,83661,0.7522979644039636,0.24770203559603643,0.9067336108551273,0.8343123663324512,0.0007908732138682021,38318.41704718417,2.094063926940639,4.014117236038403,1.7596523562871398,1966,14779,26,0,0,36228200,6570,43,0.3
DST_WOA,DST_WOA,694,1490,7631,300,20969,90311,0.7678134446523679,0.2321865553476321,0.9116120100372069,0.8545840605878664,0.0007207230401341472,36347.52981260647,1.7443323286594155,4.555554099506401,1.2454068241469816,1975,12954,23,0,0,38796400,7631,43,0.3
TRAIL,TRAIL,452,988,11319,962,19276,88529,0.7822634390990523,0.21773656090094773,0.9423562878142463,0.8883042641420563,0.0007215670287616161,24473.18667726831,1.6319462850075095,3.4548387918782835,1.1990527486173883,2977,8114,30,0,0,39120400,11319,43,0.3
SHEER,SHEER,1265,1278,9158,300,21421,89132,0.7596710496791276,0.24032895032087243,0.9061747721935874,0.8363620858891783,0.0007380782557038079,29574.579602533304,1.7539855863725704,3.216562412254704,1.0,2763,12722,24,0,0,38881200,9158,44,0.3
ACTAR,ACTAR,812,970,6609,300,21234,87060,0.7560992419021365,0.2439007580978635,0.8975632728709021,0.8288905389667428,0.0007592565641793292,39840.21788470268,1.954909971251324,3.500612320380819,1.6475101023911525,2105,16515,17,0,0,37414000,6609,44,0.3
TFSM_DPC,TFSM_DPC,631,1132,7062,300,20038,82406,0.7568380943135209,0.2431619056864791,0.9093926372498717,0.8364121834919991,0.0007989408801616068,35325.969980175585,1.98654772019258,3.5667960219946218,1.7660498973832734,2140,14665,20,0,0,35757600,7062,44,0.3
DST_WOA,DST_WOA,680,1436,6933,300,22028,91643,0.75963248693299,0.24036751306700999,0.9145442792501616,0.8537776810600446,0.0007179870333498615,40164.43098225876,1.7591230347612865,5.323162171258232,1.2310852546146664,1651,12020,27,0,0,38878600,6933,44,0.3
TRAIL,TRAIL,518,961,9455,917,20341,89259,0.7721126160947356,0.22788738390526442,0.9376360312255144,0.8753625092641186,0.0007250643325155719,29156.21364357483,1.727974616604971,4.076188437885326,1.1755274384050611,2455,9079,30,0,0,38988600,9455,44,0.3
SHEER,SHEER,1302,1312,12092,300,21505,87564,0.7544082042848659,0.24559179571513412,0.9066743365779076,0.8282339138785708,0.000756518633832182,21852.133642077406,1.5817069136619253,2.532992494053525,1.0,3640,13322,22,0,0,38862800,12092,45,0.3
ACTAR,ACTAR,819,939,8512,300,22190,87831,0.7473557172296798,0.25264428277032025,0.9024694931521458,0.8214835344850341,0.0007614262997479724,30846.334586466164,1.7255639097744362,3.096314078113303,1.6394326716533874,2720,17653,20,0,0,38074600,8512,45,0.3
TFSM_DPC,TFSM_DPC,533,1174,9602,300,20783,82394,0.7477607592785882,0.2522392407214118,0.9055363490285826,0.8292909870810831,0.0008066823141459053,25665.90293688815,1.7057904603207665,3.0312941041822596,1.8121763970719513,2984,15385,27,0,0,36244600,9602,45,0.3
DST_WOA,DST_WOA,742,1390,10182,304,20420,89900,0.7728587319243604,0.2271412680756396,0.9189119170984456,0.8661951981623154,0.0007192699324284421,27295.226870948733,1.5329994107248084,3.7887890394814363,1.2499136442141623,2801,11041,26,0,0,39105200,10182,45,0.3
TRAIL,TRAIL,662,942,12701,903,18686,86915,0.7850083414830582,0.2149916585169418,0.9400694719254276,0.8893746863840695,0.0007324290406505126,21487.756869537832,1.5429493740650342,3.03525072590709,1.2068328716528163,3575,7946,30,0,0,38708400,12701,45,0.3
SHEER,SHEER,1274,1290,7704,300,23154,88630,0.7387566286810335,0.26124337131896647,0.886844034455373,0.8088212720458555,0.000763238131307317,33995.846313603324,1.977803738317757,3.1968049992582728,1.0,2515,15050,22,0,0,38470800,7704,46,0.3
ACTAR,ACTAR,839,968,6244,300,22476,86672,0.7406774967694296,0.2593225032305704,0.8934980372608885,0.8087517208938779,0.000778500114679264,41124.9199231262,2.060057655349135,3.371146020237147,1.62893326687021,2127,17647,15,0,0,36723000,6244,46,0.3
TFSM_DPC,TFSM_DPC,656,1129,6921,300,20707,82312,0.748432792302459,0.25156720769754104,0.8968752536320104,0.8273969320092119,0.0008089733565878305,35604.681404421324,1.9991330732553099,3.75070185375659,1.8069474880285692,2203,15158,23,0,0,35628800,6921,46,0.3
DST_WOA,DST_WOA,662,1465,8042,300,21498,89797,0.7605933383075159,0.23940666169248415,0.9176415467283562,0.8510552504181662,0.0007316786668790115,33971.151454861974,1.6770703805023626,4.374042526734642,1.2536347530710552,2139,12579,23,0,0,38652400,8042,46,0.3
TRAIL,TRAIL,363,901,10119,887,19300,87608,0.7797004839740663,0.22029951602593367,0.9357615506236459,0.8830241477678822,0.0007315926431458351,27001.877655894852,1.6655796027275422,3.766498622409533,1.2656350647069157,2783,8440,30,0,0,38438200,10119,46,0.3
SHEER,SHEER,1370,1382,8115,300,21567,87836,0.7544628626075869,0.24553713739241312,0.8983687697113281,0.8254702242568461,0.0007540007995333738,32664.94146642021,1.9460258780036968,3.102092978904441,1.0,2510,13570,21,0,0,38303800,8115,47,0.3
ACTAR,ACTAR,843,1005,6410,300,21194,87298,0.7572223876835666,0.24277761231643336,0.9037879704707733,0.8309465768923175,0.0007559720202663933,41250.54602184088,1.9764430577223089,3.782777473869518,1.6292660050828998,2009,16290,22,0,0,37460000,6410,47,0.3
TFSM_DPC,TFSM_DPC,644,1218,6792,300,20188,81817,0.7532542136719753,0.24674578632802469,0.905580165181976,0.8268313509490932,0.0008103564356669678,36295.05300353357,2.152385159010601,3.293310170435832,1.7874539583637574,2186,15534,19,0,0,35645600,6792,47,0.3
DST_WOA,DST_WOA,648,1589,7376,300,20122,89168,0.7743360846940607,0.22566391530593932,0.9221098977493265,0.8649356155830815,0.0007237539664865804,37443.60086767896,1.7664045553145336,4.725413503253797,1.223416273209165,1836,11182,25,0,0,38311800,7376,47,0.3
TRAIL,TRAIL,686,1020,9995,958,18565,87152,0.7869813658894804,0.21301863411051958,0.9452811757330106,0.8900807187751409,0.0007285422332228202,27448.524262131064,1.7291645822911457,3.6590976945904408,1.2136702290521528,2641,7787,30,0,0,38331800,9995,47,0.3
SHEER,SHEER,1265,1278,11785,300,20216,87791,0.7697258261097379,0.23027417389026206,0.8903884572697003,0.8378932876654307,0.0007394867069229598,22935.935511243104,1.5933814170555791,2.558751540497404,1.0,3691,12635,23,0,0,38882000,11785,48,0.3
ACTAR,ACTAR,844,964,9470,300,20579,85522,0.759371857533734,0.24062814246626596,0.8995888702400566,0.8267890039164577,0.0007695040069889494,27431.04540654699,1.6810982048574445,2.6298745830609604,1.6499853717875677,3004,16602,15,0,0,36695000,9470,48,0.3
TFSM_DPC,TFSM_DPC,686,1172,7550,300,20639,83210,0.7519649080639347,0.24803509193606532,0.9100381966086526,0.8292901408007455,0.0007986541942932646,33150.198675496686,1.945430463576159,3.5469661253528577,1.777133176711256,2323,15965,25,0,0,36010200,7550,48,0.3
DST_WOA,DST_WOA,656,1547,8661,806,21262,90417,0.7648451065618191,0.23515489343818086,0.9221603643988142,0.8555232535525049,0.0007226517834085846,31938.575222260708,1.6082438517492206,4.446347611900088,1.2442773479864073,2317,12092,25,0,0,38976600,8661,48,0.3
TRAIL,TRAIL,789,970,11288,920,18661,87272,0.7861742597854983,0.21382574021450174,0.9404905918875982,0.8872834188020151,0.0007283623770584941,24312.898653437278,1.6178242381289865,3.356856940432564,1.200128259317019,3114,8151,30,0,0,38580600,11288,48,0.3
SHEER,SHEER,1292,1306,10544,300,21492,87678,0.754875795524533,0.245124204475467,0.8955519294110537,0.8250830186979898,0.0007550799586398409,25108.497723823977,1.6909142640364188,2.5981827850639507,1.0,3290,13570,21,0,0,38076000,10544,49,0.3
ACTAR,ACTAR,813,986,5910,300,21057,87029,0.7580461685185398,0.2419538314814602,0.8886952040259504,0.8296414561523758,0.0007574122345944209,44651.09983079526,2.0864636209813874,3.758351267082234,1.6369823561510943,2025,16024,18,0,0,36884400,5910,49,0.3
TFSM_DPC,TFSM_DPC,692,1190,7964,300,19810,82295,0.7592806367337019,0.24071936326629806,0.9082819876770425,0.8392073575570564,0.0007939354721873729,31383.726770467103,1.9030637870416875,3.2534204279026575,1.7611266704008963,2549,14270,23,0,0,35471400,7964,49,0.3
DST_WOA,DST_WOA,693,1489,9715,306,20682,90120,0.7705059920106525,0.2294940079893475,0.9255450905844063,0.8642762699107699,0.0007197324592893174,28590.015440041174,1.5522388059701493,3.9509023846285825,1.2382845128027882,2537,11184,25,0,0,38725800,9715,49,0.3
TRAIL,TRAIL,625,977,12846,953,18802,87705,0.7856222564277977,0.2143777435722023,0.9413668490486626,0.8884114772169351,0.0007253357526909831,21455.083294410713,1.53938969328974,3.086106882733322,1.184549293934952,3523,8111,30,0,0,38581200,12846,49,0.3
SHEER,SHEER,1290,1308,7350,300,21998,88232,0.7506800253876145,0.24931997461238553,0.8938158649636139,0.8229939025970449,0.0007544724960878084,36045.71428571428,1.969795918367347,3.616459507612567,1.0,2320,13850,22,0,0,38196600,7350,50,0.3
ACTAR,ACTAR,826,975,7771,300,20385,85264,0.7609190279602177,0.2390809720397823,0.899489819510165,0.8275579128586948,0.0007702983657386427,33395.44460172436,1.823960880195599,2.8394192025964013,1.6433977095824535,2594,16513,16,0,0,36710200,7771,50,0.3
TFSM_DPC,TFSM_DPC,616,1133,7216,300,19871,82148,0.7581073184983201,0.24189268150167986,0.9160524752316265,0.8403927055479747,0.0008023980062574454,34521.61862527716,1.936529933481153,3.6928297605616,1.751433113348427,2117,13527,24,0,0,35678600,7216,50,0.3
DST_WOA,DST_WOA,683,1485,6549,312,22047,89852,0.7546298357298669,0.24537016427013314,0.9128530344369884,0.842094052536788,0.0007369268346675746,41413.95632921057,1.8121850664223547,5.400076347533965,1.2259420396725904,1651,13193,24,0,0,38341000,6549,50,0.3
TRAIL,TRAIL,581,958,11517,899,18291,86227,0.7878738678140258,0.2121261321859742,0.939119170984456,0.89092669945803,0.0007356077787754816,23595.033428844315,1.5922549274984805,3.2923143447255248,1.1949187470560527,3166,7806,30,0,0,38178400,11517,50,0.3
SHEER,SHEER,1341,1356,11602,300,21188,86312,0.7545184910557049,0.2454815089442951,0.8961058903015785,0.8298756743513122,0.0007672607929905518,22452.68057231512,1.633252887433201,2.5759402114577945,1.0,3567,12935,24,0,0,38304000,11602,51,0.3
ACTAR,ACTAR,830,945,7839,300,20550,84012,0.7553920868447365,0.24460791315526353,0.8945668273927705,0.8225465787137828,0.0007873948655894051,32382.70187523919,1.8384998086490625,2.752938000823573,1.6449213702688223,2605,16968,15,0,0,36437800,7839,51,0.3
TFSM_DPC,TFSM_DPC,618,1220,7766,300,20026,79842,0.7491796297687934,0.2508203702312066,0.9031195666711248,0.8273039959897721,0.0008326578042208296,30809.16816894154,1.9286634045840845,3.272898481688116,1.744951183629798,2460,14311,21,0,0,34938400,7766,51,0.3
DST_WOA,DST_WOA,641,1716,9283,302,21233,87668,0.7578021627047498,0.24219783729525024,0.9161586513133138,0.8492462813526038,0.0007503805165785216,28626.521598621137,1.5750296240439514,4.089859599985638,1.2085045533227967,2405,12380,26,0,0,37964200,9283,51,0.3
TRAIL,TRAIL,381,979,14831,954,17969,83090,0.7837405223251895,0.21625947767481046,0.944319036869827,0.8904221929985935,0.0007673003005874532,17563.48189602859,1.4533072618164655,2.78869861998444,1.2279449025659925,4126,7454,30,0,0,37508200,14831,51,0.3
SHEER,SHEER,1346,1362,7364,300,30926,93112,0.667862359309219,0.332137640690781,0.8319718264561156,0.752864646723187,0.0008036039630140328,33778.381314502985,2.028109722976643,3.619898767491789,1.0,2574,19973,26,0,0,40240800,7364,42,0.4
ACTAR,ACTAR,871,976,6265,300,30934,92587,0.6658926199142429,0.33410738008575713,0.8479717126498305,0.7549248697450187,0.0008105571940296238,39363.4477254589,1.9610534716679968,4.568215938313703,1.6120383436329133,2122,23134,27,0,0,39502800,6265,42,0.4
TFSM_DPC,TFSM_DPC,727,1252,4788,300,30010,90573,0.6686650547072527,0.3313349452927473,0.8540858279807804,0.7701148368085882,0.000825024780360389,50595.65580618212,2.3646616541353382,6.938168752809673,1.6981820583524594,1524,20468,36,0,0,38510800,4788,42,0.4
DST_WOA,DST_WOA,743,1624,6485,300,30471,95873,0.682173291750545,0.317826708249455,0.8664413932295648,0.7874887097318173,0.0007642040301233244,40340.47802621434,1.8188126445643793,6.0569699306091,1.231292621020764,1772,18271,28,0,0,40571600,6485,42,0.4
TRAIL,TRAIL,553,1084,9795,922,28490,95526,0.7017565898289471,0.29824341017105294,0.901411182051435,0.8257346534433926,0.0007455015665124599,27375.599795814192,1.6030627871362941,4.989941609352025,1.1202935736022435,2591,13460,40,0,0,41369800,9795,42,0.4
SHEER,SHEER,1342,1362,8724,300,31354,94213,0.6672009170708926,0.3327990829291074,0.8490271878330867,0.7587760147054969,0.0007949723279830518,28821.18294360385,1.7787712058688674,4.06758586057073,1.0,2838,19525,36,0,0,40800800,8724,43,0.4
ACTAR,ACTAR,867,1007,7492,300,29374,91348,0.6784384989271796,0.32156150107282044,0.8418368993448866,0.7665826516192814,0.0008064785837331838,33088.09396689803,1.8407634810464495,3.6954286737021644,1.6262626262626263,2659,22507,25,0,0,39310800,7492,43,0.4
TFSM_DPC,TFSM_DPC,791,1289,7997,300,28762,87628,0.6717715798603187,0.32822842013968134,0.8636054768457174,0.7737889604251527,0.0008395302104646626,29444.041515568337,1.8163061147930475,4.337041548104797,1.6979750620052323,2495,19628,34,0,0,37960200,7997,43,0.4
DST_WOA,DST_WOA,752,1743,6790,300,30903,95690,0.6770508935102937,0.3229491064897063,0.876379520582833,0.7888420446592533,0.0007673265550509113,38166.126656848304,1.7705449189985272,6.166595483554245,1.2358189142883602,1813,18091,33,0,0,40621200,6790,43,0.4
TRAIL,TRAIL,721,1071,10715,843,27997,94603,0.704058010845322,0.29594198915467795,0.9025162898237395,0.8310884592625943,0.0007502403657187442,24864.582361175922,1.5548296780214652,4.594209112684382,1.1557217067531453,2924,12959,40,0,0,41185400,10715,43,0.4
SHEER,SHEER,1320,1335,7383,300,31393,93691,0.6649304629046546,0.33506953709534537,0.8304439949918135,0.7501483675715398,0.0008021871416022045,33752.13327915481,1.9788703778951646,3.8418954741587803,1.0,2596,20266,31,0,0,40406400,7383,44,0.4
ACTAR,ACTAR,838,990,5798,300,29660,91538,0.6759815595708886,0.32401844042911143,0.8422541129318982,0.7644560543650988,0.0008076266032363475,42689.203173508104,2.0693342531907555,4.424240713198112,1.6287210317075536,2098,22844,23,0,0,39029400,5798,44,0.4
TFSM_DPC,TFSM_DPC,653,1209,5102,300,28445,87848,0.6762020763136326,0.3237979236863674,0.8517583287039375,0.7724618161253846,0.0008413044788524487,46572.32457859663,2.345746765974128,5.460025752855115,1.738009864821642,1792,20674,31,0,0,37550400,5102,44,0.4
DST_WOA,DST_WOA,755,1379,5419,300,30779,96589,0.6813405253186181,0.3186594746813819,0.8688953046649446,0.7910414260149515,0.0007593890892307821,48577.22827089869,1.938180476102602,7.420468106046627,1.225345692144051,1420,18027,34,0,0,40767800,5419,44,0.4
TRAIL,TRAIL,580,1116,8684,855,29440,96198,0.6939645314871411,0.3060354685128589,0.9012702597441505,0.8197265796373816,0.0007486541583666241,30749.88484569323,1.6576462459695993,5.668244778374038,1.1237904071422151,2195,13916,40,0,0,41380800,8684,44,0.4
SHEER,SHEER,1294,1310,11589,300,29372,91484,0.6789383935988806,0.32106160640111936,0.8536675682637815,0.7706597558367787,0.000804609869034206,21438.26041936319,1.5700232979549573,3.0827151362745466,1.0,3697,18165,30,0,0,40243400,11589,45,0.4
ACTAR,ACTAR,850,978,7529,300,30313,90812,0.6662005021362816,0.33379949786371843,0.8373692127142598,0.751858052983936,0.0008260725908389339,32141.851507504318,1.8313189002523576,3.513819743073296,1.6374981404651316,2735,25021,20,0,0,39088600,7529,45,0.4
TFSM_DPC,TFSM_DPC,650,1275,8039,300,29343,87676,0.6653246042246452,0.33467539577535477,0.859136337921931,0.7637999044284794,0.0008533549235061396,29025.003109839534,1.8265953476800596,4.090197995914977,1.7535700204001166,2599,21330,33,0,0,38022800,8039,45,0.4
DST_WOA,DST_WOA,743,1484,9200,300,29974,94967,0.6843745722198237,0.3156254277801763,0.8814949302232548,0.794955026640474,0.0007689556137296563,28257.82608695652,1.563804347826087,4.705237318840583,1.247842075300417,2635,18129,34,0,0,40880000,9200,45,0.4
TRAIL,TRAIL,779,986,10503,869,27911,94021,0.7031407876963657,0.2968592123036343,0.9011193465436393,0.8266473795815369,0.0007559661619401002,25177.5683138151,1.557650195182329,4.607285614694212,1.1815459083345938,2859,13265,40,0,0,40903800,10503,45,0.4
SHEER,SHEER,1294,1314,10225,300,30628,92081,0.6673798069091343,0.33262019309086566,0.8423022472458627,0.7560537367979332,0.0008131364743004032,24040.293398533006,1.6550611246943765,3.2528748399115135,1.0,3314,19302,29,0,0,40230200,10225,46,0.4
ACTAR,ACTAR,831,1002,8312,300,28917,89830,0.6780919514638762,0.32190804853612376,0.8348956708748543,0.7644013970571033,0.0008203190299144555,29313.282001924927,1.7462704523580366,3.266347425166,1.622789880649451,3009,21801,21,0,0,38183000,8312,46,0.4
TFSM_DPC,TFSM_DPC,657,1176,8074,300,28684,86680,0.6690816797415782,0.3309183202584218,0.8623870611766329,0.7664433530216691,0.0008615104998503846,28732.22690116423,1.7974981421847906,4.048540441338312,1.7406372853300227,2541,20172,31,0,0,37587000,8074,46,0.4
DST_WOA,DST_WOA,692,1613,8781,300,30354,93800,0.6763965884861407,0.3236034115138593,0.8686599628030136,0.7809965666753824,0.0007877843251902647,28901.491857419427,1.582166040314315,4.616023231978135,1.2304321785455348,2515,18679,33,0,0,40320000,8781,46,0.4
TRAIL,TRAIL,322,1012,10434,787,28790,93829,0.6931652261028041,0.30683477389719593,0.9025969033964237,0.8162507747830927,0.0007683346402852792,24933.48667816753,1.5241518113858539,4.8006918623939905,1.1560909608081305,2712,13783,40,0,0,40730600,10434,46,0.4
SHEER,SHEER,1367,1384,9843,300,29875,91516,0.6735543511517111,0.32644564884828886,0.8469038464658263,0.765146206772742,0.0008106530914562604,25049.67997561719,1.7205120390124962,3.3204504772548056,1.0,3181,18538,30,0,0,40007000,9843,47,0.4
ACTAR,ACTAR,887,997,7514,300,28405,89860,0.6838971733808146,0.31610282661918543,0.8367097876494997,0.7693317394286538,0.0008130388500353114,32714.932126696833,1.8528080915624168,3.4135713911232943,1.6141567000244081,2668,21370,19,0,0,38718400,7514,47,0.4
TFSM_DPC,TFSM_DPC,695,1286,6377,300,28277,87405,0.6764830387277616,0.3235169612722384,0.8719557570017589,0.7746932589775043,0.0008451459660006785,37088.286027912814,2.0683707072291044,4.874939261025747,1.6934109051549182,1938,20013,32,0,0,37623600,6377,47,0.4
DST_WOA,DST_WOA,694,1735,6992,300,29376,93677,0.6864118193366568,0.31358818066334315,0.8765026982473056,0.7919502169037751,0.0007771218356658526,36785.469107551486,1.799342105263158,5.448331426392065,1.2101989082595916,1884,17833,29,0,0,39984400,6992,47,0.4
TRAIL,TRAIL,720,1161,9977,873,27663,93359,0.7036921989310082,0.2963078010689918,0.9086550170482222,0.827101687375677,0.0007606473473231615,26338.979653202365,1.608900471083492,4.803077485865399,1.170375669751583,2658,13129,40,0,0,40572200,9977,47,0.4
SHEER,SHEER,1238,1258,8617,300,30708,93567,0.6718073679823015,0.32819263201769855,0.8572519448289028,0.7654170885644366,0.0007950194868761497,29179.064639665776,1.7085992804920507,4.265391087385401,1.0,2795,18940,34,0,0,40337800,8617,48,0.4
ACTAR,ACTAR,853,975,7743,300,28570,89349,0.680242644013923,0.319757355986077,0.8436960134256898,0.7655916786237024,0.0008221809215390031,31398.166085496578,1.8101511042231693,3.3783937975724134,1.6297240823310684,2768,21801,22,0,0,38550200,7743,48,0.4
TFSM_DPC,TFSM_DPC,725,1288,6811,300,28873,87653,0.6705988386022156,0.3294011613977844,0.8542871725076556,0.7696812374989228,0.0008447522753534093,34520.62839524299,1.9712230215827338,4.798886620076603,1.7256549846886695,2331,20669,34,0,0,37766400,6811,48,0.4
DST_WOA,DST_WOA,695,1748,8002,300,30224,94521,0.6802403698648978,0.3197596301351022,0.8736177426629548,0.7853354547344009,0.0007771440284536971,32140.464883779056,1.6265933516620845,5.376660001666255,1.244599281459477,2242,18336,34,0,0,40377200,8002,48,0.4
TRAIL,TRAIL,752,942,10387,885,27528,93415,0.7053149922389338,0.2946850077610662,0.8990544416956304,0.8283164269221006,0.0007585462639217494,25372.869933570808,1.5532877635505922,4.6460789960176205,1.1681667096695858,2798,13069,40,0,0,40623000,10387,48,0.4
SHEER,SHEER,1302,1321,10401,300,30081,92776,0.675767439855135,0.324232560144865,0.8478826062684425,0.7685820493845681,0.0007970169019689615,24111.143159311603,1.6365734064032305,3.3725889452021547,1.0,3388,18482,31,0,0,40447000,10401,49,0.4
ACTAR,ACTAR,882,1015,8348,300,28289,89627,0.6843696653910094,0.3156303346089906,0.8380612344712902,0.7688736797268924,0.0008147469073395858,29390.51269765213,1.783660757067561,2.9104250847512736,1.629609703609508,2964,21217,18,0,0,38437400,8348,49,0.4
TFSM_DPC,TFSM_DPC,680,1265,9218,300,27796,86545,0.6788260442544342,0.32117395574556584,0.8647296124189348,0.7741860754921474,0.0008506578954917739,25493.165545671513,1.7503796919071382,3.3352726631990035,1.7493744574375734,2912,19916,30,0,0,37859400,9218,49,0.4
DST_WOA,DST_WOA,741,1688,8562,300,29699,94570,0.6859574918050122,0.3140425081949878,0.8757842487398066,0.7984045303359216,0.0007671138070106077,30306.470450829245,1.6149264190609671,4.867741181966831,1.2267114735397944,2455,16762,33,0,0,40580600,8562,49,0.4
TRAIL,TRAIL,485,1036,11482,874,27229,93493,0.7087589445199106,0.2912410554800894,0.8974254497162863,0.8342805435587292,0.0007540918268924187,23084.48005573942,1.5058352203448877,4.2791835382780805,1.1437281178317036,3249,12549,40,0,0,40874800,11482,49,0.4
SHEER,SHEER,1253,1270,7973,300,30809,92839,0.6681459300509485,0.33185406994905153,0.850008060615831,0.7612813061332836,0.0008056073278252503,31120.030101592874,1.788912579957356,4.385058948952715,1.0,2619,19048,30,0,0,39997200,7973,50,0.4
ACTAR,ACTAR,857,1026,4384,300,29462,89360,0.6702999104744852,0.3297000895255148,0.8290260108851715,0.7484812436483904,0.0008343461180397323,54651.459854014596,2.584169708029197,4.30034044169537,1.661858492771044,1964,24285,13,0,0,37935200,4384,50,0.4
TFSM_DPC,TFSM_DPC,647,1213,5588,300,28500,87910,0.6758048003640087,0.3241951996359913,0.8554957077933008,0.7751048115914696,0.0008408374753968042,42526.84323550465,2.1510379384395133,5.69712991822357,1.6946641979464736,1921,18936,36,0,0,37585800,5588,50,0.4
DST_WOA,DST_WOA,734,1510,6121,300,30402,94129,0.6770177097387627,0.32298229026123726,0.8616285091091688,0.7845623599924566,0.0007841266304876425,41644.82927626205,1.8475739258291128,6.382039971682186,1.2162348768967628,1840,18073,34,0,0,39940400,6121,50,0.4
TRAIL,TRAIL,496,976,8590,808,28304,93110,0.6960154655783481,0.30398453442165185,0.8957349628120853,0.8210485906181545,0.0007710960386942879,30177.415599534343,1.6537834691501747,5.532481904009843,1.146745671697065,2284,13558,40,0,0,40100400,8590,50,0.4
SHEER,SHEER,1342,1359,10579,300,30468,91375,0.6665608755129959,0.3334391244870041,0.8484903213095375,0.7601810488293487,0.0008203661592564963,23029.397863692222,1.6332356555440022,3.4256834069292696,1.0,3416,18762,32,0,0,40021200,10579,51,0.4
ACTAR,ACTAR,848,956,9239,300,28861,87810,0.6713244505181643,0.32867554948183575,0.8406419108042545,0.7543088348927486,0.0008477748913849976,25521.80971966663,1.6848143738499837,2.888510915129057,1.640316205533597,3202,22967,18,0,0,37887000,9239,51,0.4
TFSM_DPC,TFSM_DPC,601,1328,7666,300,27794,85487,0.6748745423280733,0.3251254576719267,0.8592376891477302,0.7752517778419996,0.0008660660679893752,30103.31333159405,1.8446386642316723,4.333655714042368,1.668451978576257,2454,19776,34,0,0,37033800,7666,51,0.4
DST_WOA,DST_WOA,673,1583,9304,300,29136,91327,0.6809705782517765,0.31902942174822346,0.8743869691756042,0.787669307872138,0.0008034046544003031,26737.31728288908,1.5925408426483234,4.283154198910859,1.2082294865816596,2710,17622,34,0,0,39454000,9304,51,0.4
TRAIL,TRAIL,334,1183,11632,741,27179,90539,0.6998089221219584,0.30019107787804156,0.8982007575757576,0.8268821073573087,0.0007885110921485653,21788.170563961485,1.468621045392022,4.361757130898294,1.146969696969697,3076,12567,40,0,0,39644000,11632,51,0.4
SHEER,SHEER,1353,1374,7051,300,39985,98116,0.5924721757919198,0.4075278242080802,0.7846243828594037,0.6933267073221941,0.0008597005119785278,32977.450007091196,1.9608566160828251,5.042464763525607,1.0,2523,25229,40,0,0,42034600,7051,42,0.5
ACTAR,ACTAR,902,1005,5228,300,38711,96077,0.5970835892044922,0.4029164107955078,0.7777603458494579,0.6937317209580818,0.0008711706017630597,43891.35424636572,2.204858454475899,5.3531583597478765,1.6133249660077398,2149,29858,26,0,0,40746400,5228,42,0.5
TFSM_DPC,TFSM_DPC,834,1376,6247,300,37667,93899,0.5988562178510953,0.40114378214890467,0.7999359795134443,0.7086381041385341,0.0008887366632320182,36005.762766127744,2.0494637425964464,5.764570852372997,1.6776924171290368,2217,26025,39,0,0,40135600,6247,42,0.5
DST_WOA,DST_WOA,818,1955,4814,300,39402,101190,0.610613697005633,0.38938630299436705,0.8078429468505212,0.7300755519743769,0.0008087043644322202,51340.25758205235,2.0621105110095557,8.849390666112729,1.219605748689066,1494,23831,42,0,0,42477600,4814,42,0.5
TRAIL,TRAIL,665,1155,5502,765,38515,103251,0.6269769784312016,0.3730230215687984,0.8489712061295106,0.7666829975736226,0.0007720064924480879,47063.61323155216,1.8998545983278807,10.582967219076815,1.0453225407810183,1349,19097,50,0,0,43408800,5502,42,0.5
SHEER,SHEER,1347,1371,9622,300,38906,97418,0.6006282206573734,0.3993717793426266,0.7919742958709325,0.7060547390882602,0.0008540338521147014,24324.256911245062,1.646850966535024,4.360629658223715,1.0,3244,23933,41,0,0,42053000,9622,43,0.5
ACTAR,ACTAR,868,1056,7259,300,37921,95475,0.6028174914899188,0.3971825085100812,0.791413281440039,0.7011656422519345,0.0008683911770283048,31714.561234329798,1.8386830141892823,4.295728947316629,1.6194356604232547,2706,28547,30,0,0,40866000,7259,43,0.5
TFSM_DPC,TFSM_DPC,777,1379,7016,300,36302,92507,0.6075756429243192,0.3924243570756808,0.8018147851614625,0.7174576168039437,0.0008869068217408611,32043.899657924743,1.9181870011402509,5.262535386031681,1.7018948492127035,2554,25468,41,0,0,39701600,7016,43,0.5
DST_WOA,DST_WOA,774,1773,7691,300,38549,99474,0.6124716006192573,0.3875283993807427,0.8151661879359868,0.7326208665614905,0.0008202491899234835,31686.386685736576,1.659862176570017,5.943652754301564,1.2180549856380796,2408,23307,41,0,0,42359400,7691,43,0.5
TRAIL,TRAIL,627,1120,11369,811,36129,99716,0.6376810140799871,0.3623189859200129,0.8596096686429616,0.7780788342983517,0.0007858384950419242,22372.064385609992,1.4212331779400122,5.38574120920587,1.0532813310896882,3114,17520,50,0,0,43131800,11369,43,0.5
SHEER,SHEER,1341,1364,7271,300,38983,98194,0.6030001833105892,0.39699981668941076,0.7858843795916299,0.7059713564417116,0.0008440369371808929,32573.78627424013,1.9085407784348782,5.028111840252537,1.0,2646,24102,41,0,0,42066400,7271,44,0.5
ACTAR,ACTAR,831,1016,5563,300,37900,95847,0.6045781297275866,0.3954218702724134,0.7889278133466788,0.7052455476456836,0.0008625102086761313,41666.00754988316,2.0350530289412188,5.581764156809095,1.6096778090323918,2078,28474,30,0,0,40611400,5563,44,0.5
TFSM_DPC,TFSM_DPC,741,1239,5599,300,36585,93520,0.6088002566295979,0.3911997433704021,0.7979450250285414,0.7195559429085684,0.000876988299133296,40675.120557242364,2.0862654045365243,6.692641607359835,1.6675507157284624,2008,25432,40,0,0,39759600,5599,44,0.5
DST_WOA,DST_WOA,662,1700,6499,300,39021,98711,0.604694512263071,0.395305487736929,0.8137376444965656,0.7158533970939897,0.0008372630645252011,36737.959686105554,1.8256654869979998,6.066402523465149,1.231244764617189,2034,24982,38,0,0,41893400,6499,44,0.5
TRAIL,TRAIL,636,1097,5973,729,38741,102962,0.6237349701831744,0.37626502981682564,0.853210009187026,0.7607798129634512,0.0007780889543454129,43007.533902561525,1.7974217311233887,9.802009003980375,1.047523395773968,1478,19321,50,0,0,43355000,5973,44,0.5
SHEER,SHEER,1308,1328,9415,300,39006,96382,0.595297877196987,0.404702122803013,0.7783916620189626,0.6954522145543102,0.0008710614228006827,24376.420605416886,1.6926181625066383,3.9906537187365667,1.0,3348,24724,35,0,0,41758400,9415,45,0.5
ACTAR,ACTAR,873,1035,6865,300,39025,96177,0.5942377075600196,0.4057622924399804,0.7775405935050392,0.6937033232479491,0.0008744858344602514,33300.509832483614,1.8537509104151493,4.759850408149752,1.6021661534154534,2626,30108,30,0,0,40617600,6865,45,0.5
TFSM_DPC,TFSM_DPC,679,1316,7793,300,36951,92399,0.6000930746003744,0.3999069253996256,0.7947626605107488,0.7067816021163238,0.0009012789124750947,28460.413191325548,1.8209931990247659,4.7729730027304775,1.7054898283076034,2848,26811,39,0,0,39815400,7793,45,0.5
DST_WOA,DST_WOA,795,1838,9186,300,37513,97574,0.6155430749994876,0.38445692500051243,0.8254274820599058,0.7295473005385189,0.0008321248383104176,26153.276725451775,1.5736991073372524,4.710285579505042,1.2436189873628478,2975,24584,35,0,0,41945600,9186,45,0.5
TRAIL,TRAIL,646,1028,10875,774,36687,100126,0.6335916744901424,0.3664083255098576,0.8572486955973455,0.771427424385432,0.0007877218304261777,23333.885057471263,1.4274942528735632,5.61187477732995,1.0662999101499078,2945,18183,50,0,0,43169000,10875,45,0.5
SHEER,SHEER,1327,1345,9359,300,39539,95682,0.5867665809661169,0.4132334190338831,0.7767664713321341,0.6812203535471065,0.0008900709922893077,23995.298643017417,1.7428144032482102,3.4666603066058164,1.0,3357,25821,35,0,0,41546600,9359,46,0.5
ACTAR,ACTAR,874,1042,5892,300,38117,94635,0.5972209013578486,0.40277909864215145,0.7881205987473018,0.6911941742276788,0.0008842680979238016,38369.31432450781,2.03377460964019,4.867163035162015,1.6131144060299374,2376,28527,28,0,0,40252400,5892,46,0.5
TFSM_DPC,TFSM_DPC,670,1268,8129,300,35528,89392,0.6025595131555397,0.3974404868444603,0.7995878508837071,0.7075179565827381,0.0009180055003402496,26504.613113544103,1.7934555295854349,4.229463785490685,1.729373978909847,2905,25205,35,0,0,38248000,8129,46,0.5
DST_WOA,DST_WOA,723,1712,8386,300,38667,97151,0.6019907154841433,0.3980092845158567,0.8239689487723137,0.7134973120268349,0.0008544129222616406,27896.01717147627,1.595635583114715,5.141320852214006,1.2292592845906574,2573,24647,36,0,0,41550800,8386,46,0.5
TRAIL,TRAIL,639,1182,9926,727,36880,99680,0.630016051364366,0.369983948635634,0.8544904458598727,0.7677155186233728,0.0007957964140298312,25307.27382631473,1.4484182953858553,6.195076100623476,1.077468152866242,2717,18332,50,0,0,42761800,9926,46,0.5
SHEER,SHEER,1378,1399,11148,300,37620,95945,0.60790035958101,0.39209964041899004,0.8007201028718388,0.7147087421241648,0.0008568033977058578,20927.52063150341,1.5778614998205955,3.7312867351820542,1.0,3611,22805,41,0,0,41911600,11148,47,0.5
ACTAR,ACTAR,895,1075,6528,300,37792,94685,0.6008660294661246,0.39913397053387545,0.7830840349427873,0.6970442509021798,0.0008784517565989429,34860.9068627451,1.9745710784313726,4.359706118874314,1.6156469161408258,2594,29288,26,0,0,40321000,6528,47,0.5
TFSM_DPC,TFSM_DPC,733,1460,6126,300,36292,90950,0.6009675645959318,0.3990324354040682,0.7998097259321599,0.7092924378766559,0.0009043175673035129,35689.193601044724,2.079333986287953,5.796328369079276,1.663013648505251,2265,25070,44,0,0,38948400,6126,47,0.5
DST_WOA,DST_WOA,725,2045,7368,300,37374,97794,0.6178293146818823,0.3821706853181177,0.8277391592188017,0.7366856985846565,0.0008245066446317303,32801.30293159609,1.72557003257329,5.985841929062615,1.2030950016550812,2199,22540,43,0,0,41682600,7368,47,0.5
TRAIL,TRAIL,706,1209,10402,745,36356,99121,0.6332159683619011,0.3667840316380989,0.8605432964231657,0.7716088000874537,0.0007962601858536093,24135.74312632186,1.4779850028840607,5.769696424407058,1.0625667171194138,2773,17875,50,0,0,42745200,10402,47,0.5
SHEER,SHEER,1249,1272,10256,300,36724,95280,0.6145675902602855,0.3854324097397145,0.8018478038117358,0.7188794967679013,0.0008535124010671403,22837.753510140406,1.5652301092043681,4.1057022370180505,1.0,3495,22563,38,0,0,41331000,10256,48,0.5
ACTAR,ACTAR,837,1002,8544,300,37072,93951,0.6054113314387287,0.3945886685612713,0.7951440777791452,0.7040807734822857,0.0008786700660354836,26628.74531835206,1.7044709737827715,3.6643661611094918,1.6260658591044146,3202,28333,26,0,0,40500200,8544,48,0.5
TFSM_DPC,TFSM_DPC,709,1285,6378,300,36282,91089,0.6016862628857491,0.3983137371142509,0.7975806010181181,0.7095387697437393,0.0008959980481078274,34372.5305738476,1.9731890874882407,5.756667989738931,1.6998011202948529,2383,25841,41,0,0,38966400,6378,48,0.5
DST_WOA,DST_WOA,690,1733,7106,300,37540,98233,0.617847362902487,0.382152637097513,0.8069629117031618,0.7329025304216485,0.0008234151482438687,34164.36813960034,1.7070081621165212,6.21471526409607,1.2563557576656286,2316,23868,39,0,0,41736800,7106,48,0.5
TRAIL,TRAIL,694,976,10581,844,36251,98968,0.6337098860237652,0.3662901139762348,0.858650764545498,0.7694501108560504,0.0007967773327087465,23709.290237217654,1.4398450051979965,5.67686306796824,1.053749382145192,2854,18176,50,0,0,42662000,10581,48,0.5
SHEER,SHEER,1301,1318,11301,300,37380,94444,0.6042099021642455,0.3957900978357545,0.7935125473152951,0.7007546298388446,0.0008758046016519323,20197.858596584374,1.5983541279532785,3.0457945146025844,1.0,4020,23978,31,0,0,41405400,11301,49,0.5
ACTAR,ACTAR,849,1012,3738,300,38193,95862,0.6015835263190836,0.39841647368091637,0.7837486344483171,0.6985972143883384,0.0008665917601895668,61711.07544141252,2.7065275548421615,7.113809809475942,1.620281260295826,1821,28860,27,0,0,40376400,3738,49,0.5
TFSM_DPC,TFSM_DPC,696,1298,8630,300,35474,91270,0.6113290237756108,0.3886709762243892,0.8161516954620402,0.7202783333314711,0.0008947069331856393,25861.41367323291,1.7406720741599073,4.28791763484596,1.7016632016632016,3057,24793,39,0,0,39525400,8630,49,0.5
DST_WOA,DST_WOA,773,1736,8668,300,38049,98482,0.6136451331207733,0.3863548668792267,0.8174176360597687,0.7291233186386785,0.0008268882924684272,27887.8634056299,1.5874480849100139,5.143922088909402,1.2395876425131964,2754,23727,38,0,0,42170200,8668,49,0.5
TRAIL,TRAIL,651,1075,11415,733,35884,99513,0.6394038969782843,0.36059610302171574,0.8623897908186519,0.7786008447189883,0.0007853616943622166,22296.62724485326,1.4067455102934734,5.3388337582451975,1.0487985038268715,3133,17435,50,0,0,43041600,11415,49,0.5
SHEER,SHEER,1274,1293,8413,300,39105,95808,0.5918399298597194,0.40816007014028055,0.7795883815671129,0.6928537264660248,0.000881408393329959,26959.70521811482,1.7455128967074764,4.320082723449539,1.0,3063,24783,37,0,0,41280600,8413,50,0.5
ACTAR,ACTAR,863,998,5363,300,38335,94418,0.5939863161685272,0.40601368383147285,0.7936094716759089,0.6904678522735271,0.0008910703190777961,41829.573000186465,2.1159798620175274,5.3997336312971225,1.6072071750797925,2196,29608,28,0,0,40048400,5363,50,0.5
TFSM_DPC,TFSM_DPC,620,1338,4760,300,37391,92817,0.5971535386836463,0.4028464613163537,0.7994443041172014,0.7080629240135248,0.0009015700561383353,46576.470588235294,2.3111344537815124,7.478568682203446,1.6730595749287338,1877,25556,38,0,0,39353000,4760,50,0.5
DST_WOA,DST_WOA,723,1539,6178,300,37648,96908,0.6115078218516531,0.3884921781483469,0.80555180560243,0.7297707077408291,0.0008391966047162354,38368.40401424409,1.8497895759145355,6.639241394194455,1.2302564967937901,2171,23047,34,0,0,41065400,6178,50,0.5
TRAIL,TRAIL,446,970,6547,726,37797,99935,0.6217841597038075,0.3782158402961925,0.8482731983649296,0.7597022151256597,0.000804160153671326,37964.25843897968,1.6842828776538872,8.823361469369182,1.0645820592873925,1702,19143,50,0,0,42208400,6547,50,0.5
SHEER,SHEER,1362,1388,10553,300,38464,94461,0.5928054964482696,0.40719450355173037,0.7753986820722538,0.6917924788113924,0.0008923357434072263,21225.05448687577,1.649483559177485,3.5188689291693174,1.0,3657,24453,43,0,0,41287800,10553,51,0.5
ACTAR,ACTAR,885,1051,7168,300,37172,93263,0.6014282191222672,0.3985717808777328,0.781052218716015,0.6980780269995965,0.0008910239499715962,31300.78125,1.830078125,4.2977338707144765,1.6120233192490774,2799,28492,28,0,0,39937800,7168,51,0.5
TFSM_DPC,TFSM_DPC,622,1408,5887,300,36425,90348,0.5968366759640501,0.4031633240359499,0.8051109915991321,0.7057187687242005,0.0009255884279629786,36638.69543060982,2.1029386784440294,6.126206991111337,1.6322533983643344,2149,25036,41,0,0,38638600,5887,51,0.5
DST_WOA,DST_WOA,690,2213,6982,300,38158,98033,0.6107637224200014,0.38923627757999857,0.8177035490605428,0.7315630539226752,0.0008344982353904278,34302.492122600976,1.7308794041821827,6.621834717845888,1.2012192066805845,2247,22843,45,0,0,41645200,6982,51,0.5
TRAIL,TRAIL,345,1189,11118,667,35758,97705,0.6340207768282073,0.36597922317179266,0.8553440844592959,0.7740156612354133,0.0008066168214860006,22287.10199676201,1.4035797805360677,5.545044392905969,1.0748543109432256,3040,17407,50,0,0,42227800,11118,51,0.5
